<?xml version="1.0" encoding="UTF-8"?>
<!--
 * CubeCart v6
 * ========================================
 * CubeCart is a registered trade mark of CubeCart Limited
 * Copyright CubeCart Limited 2017. All rights reserved.
 * UK Private Limited Company No. 5323904
 * ========================================
 * Web:   http://www.cubecart.com
 * Email:  sales@cubecart.com
 * License:  GPL-3.0 http://opensource.org/licenses/GPL-3.0
-->
<language version="2.0">
  <info>
    <title>
      <![CDATA[Magyar (HU)]]>
    </title>
    <code>hu-HU</code>
    <character_set>utf-8</character_set>
    <version>1.0.0</version>
    <minVersion>5.0.0</minVersion>
    <maxVersion>6.*.*</maxVersion>
    <default_currency>HUF</default_currency>
    <text-direction>ltr</text-direction>
    <override/>
  </info>
  <translation>
    <group name="address">
      <string name="state"><![CDATA[County]]></string>
    </group>
  </translation>
</language>
